Order ID,Item ID,Workcenter ID,Setup Time (hours),Run Time (hours),Total Time (hours),Delivery Date
SO-0001,INV-STRC-FG-0058,WC-015,0.16666666666666666,7.2,7.366666666666667,2025-01-28
SO-0001,INV-STRC-FG-0058,WC-004,0.18333333333333332,6.266666666666667,6.45,2025-01-28
SO-0001,INV-STRC-FG-0058,WC-013,0.31666666666666665,7.8,8.116666666666667,2025-01-28
SO-0001,INV-STRC-FG-0058,WC-005,0.25,10.233333333333333,10.483333333333333,2025-01-28
SO-0001,INV-STRC-FG-0058,WC-015,0.43333333333333335,10.533333333333333,10.966666666666667,2025-01-28
SO-0001,INV-STRC-FG-0058,WC-006,0.45,7.4,7.8500000000000005,2025-01-28
SO-0001,INV-STRC-FG-0058,WC-019,0.38333333333333336,5.4,5.783333333333334,2025-01-28
SO-0001,INV-STRC-FG-0058,WC-029,0.0,1.0,1.0,2025-01-28
SO-0002,INV-PLTE-FG-0260,WC-014,0.23333333333333334,5.616666666666666,5.85,2025-10-21
SO-0002,INV-PLTE-FG-0260,WC-001,0.36666666666666664,2.05,2.4166666666666665,2025-10-21
SO-0002,INV-PLTE-FG-0260,WC-015,0.3333333333333333,3.3333333333333335,3.666666666666667,2025-10-21
SO-0002,INV-PLTE-FG-0260,WC-004,0.2,4.633333333333334,4.833333333333334,2025-10-21
SO-0002,INV-PLTE-FG-0260,WC-016,0.26666666666666666,3.966666666666667,4.233333333333333,2025-10-21
SO-0002,INV-PLTE-FG-0260,WC-004,0.2,5.283333333333333,5.483333333333333,2025-10-21
SO-0002,INV-PLTE-FG-0260,WC-014,0.38333333333333336,5.083333333333333,5.466666666666667,2025-10-21
SO-0002,INV-PLTE-FG-0260,WC-002,0.38333333333333336,5.116666666666666,5.5,2025-10-21
SO-0002,INV-PLTE-FG-0260,WC-017,0.36666666666666664,3.3,3.6666666666666665,2025-10-21
SO-0002,INV-PLTE-FG-0260,WC-030,0.0,0.4166666666666667,0.4166666666666667,2025-10-21
SO-0003,INV-PLTE-FG-0258,WC-014,0.26666666666666666,9.933333333333334,10.200000000000001,2025-12-19
SO-0003,INV-PLTE-FG-0258,WC-006,0.31666666666666665,12.2,12.516666666666666,2025-12-19
SO-0003,INV-PLTE-FG-0258,WC-015,0.2,22.066666666666666,22.266666666666666,2025-12-19
SO-0003,INV-PLTE-FG-0258,WC-002,0.36666666666666664,9.8,10.166666666666668,2025-12-19
SO-0003,INV-PLTE-FG-0258,WC-001,0.2,17.6,17.8,2025-12-19
SO-0003,INV-PLTE-FG-0258,WC-013,0.31666666666666665,22.0,22.316666666666666,2025-12-19
SO-0003,INV-PLTE-FG-0258,WC-003,0.2833333333333333,9.4,9.683333333333334,2025-12-19
SO-0003,INV-PLTE-FG-0258,WC-009,0.9666666666666667,10.666666666666666,11.633333333333333,2025-12-19
SO-0003,INV-PLTE-FG-0258,WC-018,0.2833333333333333,10.066666666666666,10.35,2025-12-19
SO-0003,INV-PLTE-FG-0258,WC-030,0.0,1.6666666666666667,1.6666666666666667,2025-12-19
SO-0004,INV-PLTE-FG-0200,WC-003,0.16666666666666666,16.4,16.566666666666666,2025-12-22
SO-0004,INV-PLTE-FG-0200,WC-002,0.2833333333333333,8.4,8.683333333333334,2025-12-22
SO-0004,INV-PLTE-FG-0200,WC-006,0.2,20.266666666666666,20.466666666666665,2025-12-22
SO-0004,INV-PLTE-FG-0200,WC-012,0.65,7.666666666666667,8.316666666666666,2025-12-22
SO-0004,INV-PLTE-FG-0200,WC-017,0.43333333333333335,12.6,13.033333333333333,2025-12-22
SO-0004,INV-PLTE-FG-0200,WC-031,0.0,1.6666666666666667,1.6666666666666667,2025-12-22
SO-0005,INV-BEAM-FG-0117,WC-016,0.16666666666666666,7.5,7.666666666666667,2025-09-18
SO-0005,INV-BEAM-FG-0117,WC-010,0.95,4.3,5.25,2025-09-18
SO-0005,INV-BEAM-FG-0117,WC-020,0.0,0.6666666666666666,0.6666666666666666,2025-09-18
SO-0006,INV-PLTE-FG-0244,WC-016,0.35,2.45,2.8000000000000003,2025-03-09
SO-0006,INV-PLTE-FG-0244,WC-009,0.4666666666666667,1.9666666666666666,2.433333333333333,2025-03-09
SO-0006,INV-PLTE-FG-0244,WC-030,0.0,0.4166666666666667,0.4166666666666667,2025-03-09
SO-0007,INV-MODL-FG-0336,WC-005,0.3333333333333333,2.0166666666666666,2.35,2025-03-06
SO-0007,INV-MODL-FG-0336,WC-012,1.2166666666666666,3.816666666666667,5.033333333333333,2025-03-06
SO-0007,INV-MODL-FG-0336,WC-019,0.4,1.55,1.9500000000000002,2025-03-06
SO-0007,INV-MODL-FG-0336,WC-023,0.0,0.6666666666666666,0.6666666666666666,2025-03-06
SO-0008,INV-STRC-FG-0072,WC-019,0.25,6.466666666666667,6.716666666666667,2025-12-02
SO-0008,INV-STRC-FG-0072,WC-021,0.0,2.0,2.0,2025-12-02
SO-0009,INV-PLTE-FG-0257,WC-005,0.36666666666666664,3.8333333333333335,4.2,2025-02-13
SO-0009,INV-PLTE-FG-0257,WC-022,0.0,0.4166666666666667,0.4166666666666667,2025-02-13
SO-0010,INV-BEAM-FG-0130,WC-016,0.48333333333333334,3.5166666666666666,4.0,2025-04-12
SO-0010,INV-BEAM-FG-0130,WC-004,0.18333333333333332,2.2666666666666666,2.4499999999999997,2025-04-12
SO-0010,INV-BEAM-FG-0130,WC-004,0.4166666666666667,2.2,2.6166666666666667,2025-04-12
SO-0010,INV-BEAM-FG-0130,WC-005,0.4,2.6666666666666665,3.0666666666666664,2025-04-12
SO-0010,INV-BEAM-FG-0130,WC-019,0.4166666666666667,2.316666666666667,2.7333333333333334,2025-04-12
SO-0010,INV-BEAM-FG-0130,WC-023,0.0,0.3333333333333333,0.3333333333333333,2025-04-12
SO-0011,INV-STRC-FG-0060,WC-016,0.4,5.033333333333333,5.433333333333334,2025-12-13
SO-0011,INV-STRC-FG-0060,WC-031,0.0,0.5,0.5,2025-12-13
SO-0012,INV-STRC-FG-0071,WC-004,0.18333333333333332,3.65,3.833333333333333,2025-05-22
SO-0012,INV-STRC-FG-0071,WC-007,1.0833333333333333,3.316666666666667,4.4,2025-05-22
SO-0012,INV-STRC-FG-0071,WC-018,0.4666666666666667,2.716666666666667,3.1833333333333336,2025-05-22
SO-0012,INV-STRC-FG-0071,WC-024,0.0,0.5,0.5,2025-05-22
SO-0013,INV-BEAM-FG-0174,WC-029,0.0,0.3333333333333333,0.3333333333333333,2025-09-25
SO-0014,INV-PLTE-FG-0205,WC-005,0.35,6.4,6.75,2025-02-21
SO-0014,INV-PLTE-FG-0205,WC-008,0.4666666666666667,5.4,5.866666666666667,2025-02-21
SO-0014,INV-PLTE-FG-0205,WC-018,0.48333333333333334,6.1,6.583333333333333,2025-02-21
SO-0014,INV-PLTE-FG-0205,WC-021,0.0,0.8333333333333334,0.8333333333333334,2025-02-21
SO-0015,INV-MODL-FG-0294,WC-005,0.43333333333333335,2.216666666666667,2.6500000000000004,2025-10-15
SO-0015,INV-MODL-FG-0294,WC-010,0.4666666666666667,3.066666666666667,3.5333333333333337,2025-10-15
SO-0015,INV-MODL-FG-0294,WC-018,0.26666666666666666,2.65,2.9166666666666665,2025-10-15
SO-0015,INV-MODL-FG-0294,WC-027,0.0,0.6666666666666666,0.6666666666666666,2025-10-15
SO-0016,INV-BEAM-FG-0181,WC-012,0.9666666666666667,1.5166666666666666,2.4833333333333334,2025-01-20
SO-0016,INV-BEAM-FG-0181,WC-030,0.0,0.3333333333333333,0.3333333333333333,2025-01-20
SO-0017,INV-MODL-FG-0282,WC-005,0.18333333333333332,4.716666666666667,4.9,2025-06-11
SO-0017,INV-MODL-FG-0282,WC-005,0.25,5.316666666666666,5.566666666666666,2025-06-11
SO-0017,INV-MODL-FG-0282,WC-032,0.0,0.6666666666666666,0.6666666666666666,2025-06-11
SO-0018,INV-BEAM-FG-0120,WC-019,0.3333333333333333,1.7666666666666666,2.1,2025-03-18
SO-0018,INV-BEAM-FG-0120,WC-020,0.0,0.3333333333333333,0.3333333333333333,2025-03-18
SO-0019,INV-BEAM-FG-0091,WC-020,0.0,0.3333333333333333,0.3333333333333333,2025-02-04
SO-0020,INV-BEAM-FG-0167,WC-010,0.6666666666666666,2.4,3.0666666666666664,2025-05-18
SO-0020,INV-BEAM-FG-0167,WC-022,0.0,0.3333333333333333,0.3333333333333333,2025-05-18
SO-0021,INV-PLTE-FG-0219,WC-012,1.1666666666666667,1.8833333333333333,3.05,2025-06-25
SO-0021,INV-PLTE-FG-0219,WC-019,0.25,1.8,2.05,2025-06-25
SO-0021,INV-PLTE-FG-0219,WC-028,0.0,0.4166666666666667,0.4166666666666667,2025-06-25
SO-0022,INV-STRC-FG-0007,WC-028,0.0,0.5,0.5,2025-09-04
SO-0023,INV-STRC-FG-0064,WC-021,0.0,1.0,1.0,2025-01-21
SO-0024,INV-STRC-FG-0044,WC-011,0.8833333333333333,3.033333333333333,3.9166666666666665,2025-03-05
SO-0024,INV-STRC-FG-0044,WC-022,0.0,0.5,0.5,2025-03-05
SO-0025,INV-BEAM-FG-0171,WC-004,0.36666666666666664,5.45,5.816666666666666,2025-09-24
SO-0025,INV-BEAM-FG-0171,WC-026,0.0,0.3333333333333333,0.3333333333333333,2025-09-24
SO-0026,INV-BEAM-FG-0121,WC-008,0.65,3.7333333333333334,4.383333333333334,2025-08-29
SO-0026,INV-BEAM-FG-0121,WC-024,0.0,0.3333333333333333,0.3333333333333333,2025-08-29
SO-0027,INV-MODL-FG-0297,WC-007,0.6,3.4833333333333334,4.083333333333333,2025-06-30
SO-0027,INV-MODL-FG-0297,WC-019,0.36666666666666664,2.3,2.6666666666666665,2025-06-30
SO-0027,INV-MODL-FG-0297,WC-025,0.0,0.6666666666666666,0.6666666666666666,2025-06-30
SO-0028,INV-BEAM-FG-0117,WC-010,0.95,2.15,3.0999999999999996,2025-09-14
SO-0028,INV-BEAM-FG-0117,WC-020,0.0,0.3333333333333333,0.3333333333333333,2025-09-14
SO-0029,INV-STRC-FG-0088,WC-012,0.7833333333333333,2.7333333333333334,3.5166666666666666,2025-05-31
SO-0029,INV-STRC-FG-0088,WC-031,0.0,0.5,0.5,2025-05-31
SO-0030,INV-PLTE-FG-0264,WC-022,0.0,0.4166666666666667,0.4166666666666667,2025-02-21
SO-0031,INV-PLTE-FG-0219,WC-028,0.0,0.4166666666666667,0.4166666666666667,2025-02-08
SO-0032,INV-STRC-FG-0075,WC-010,0.35,3.6166666666666667,3.966666666666667,2025-08-26
SO-0032,INV-STRC-FG-0075,WC-031,0.0,0.5,0.5,2025-08-26
SO-0033,INV-BEAM-FG-0149,WC-030,0.0,0.3333333333333333,0.3333333333333333,2025-03-05
SO-0034,INV-PLTE-FG-0242,WC-031,0.0,0.4166666666666667,0.4166666666666667,2025-05-27
SO-0035,INV-MODL-FG-0311,WC-029,0.0,0.6666666666666666,0.6666666666666666,2025-05-25
SO-0036,INV-PLTE-FG-0204,WC-005,0.23333333333333334,4.366666666666666,4.6,2025-10-13
SO-0036,INV-PLTE-FG-0204,WC-029,0.0,0.4166666666666667,0.4166666666666667,2025-10-13
SO-0037,INV-MODL-FG-0282,WC-032,0.0,0.6666666666666666,0.6666666666666666,2025-03-12
SO-0038,INV-PLTE-FG-0196,WC-021,0.0,0.4166666666666667,0.4166666666666667,2025-06-15
SO-0039,INV-BEAM-FG-0113,WC-019,0.45,7.266666666666667,7.716666666666667,2025-12-20
SO-0039,INV-BEAM-FG-0113,WC-025,0.0,0.6666666666666666,0.6666666666666666,2025-12-20
SO-0040,INV-BEAM-FG-0139,WC-011,0.65,2.533333333333333,3.183333333333333,2025-04-15
SO-0040,INV-BEAM-FG-0139,WC-029,0.0,0.3333333333333333,0.3333333333333333,2025-04-15
SO-0041,INV-MODL-FG-0267,WC-021,0.0,1.3333333333333333,1.3333333333333333,2025-03-16
SO-0042,INV-PLTE-FG-0254,WC-026,0.0,1.6666666666666667,1.6666666666666667,2025-09-24
SO-0043,INV-BEAM-FG-0111,WC-028,0.0,0.3333333333333333,0.3333333333333333,2025-06-01
SO-0044,INV-BEAM-FG-0153,WC-009,1.1333333333333333,7.933333333333334,9.066666666666666,2025-09-04
SO-0044,INV-BEAM-FG-0153,WC-029,0.0,1.3333333333333333,1.3333333333333333,2025-09-04
SO-0045,INV-PLTE-FG-0255,WC-031,0.0,0.4166666666666667,0.4166666666666667,2025-12-09
SO-0046,INV-MODL-FG-0326,WC-010,0.85,3.7666666666666666,4.616666666666666,2025-10-16
SO-0046,INV-MODL-FG-0326,WC-025,0.0,0.6666666666666666,0.6666666666666666,2025-10-16
SO-0047,INV-PLTE-FG-0184,WC-030,0.0,0.4166666666666667,0.4166666666666667,2025-09-29
SO-0048,INV-STRC-FG-0057,WC-022,0.0,0.5,0.5,2025-12-23
SO-0049,INV-BEAM-FG-0158,WC-024,0.0,0.3333333333333333,0.3333333333333333,2025-09-19
SO-0050,INV-PLTE-FG-0207,WC-011,1.2166666666666666,1.85,3.0666666666666664,2025-10-02
SO-0050,INV-PLTE-FG-0207,WC-020,0.0,0.4166666666666667,0.4166666666666667,2025-10-02
SO-0051,INV-BEAM-FG-0128,WC-005,0.18333333333333332,2.15,2.333333333333333,2025-11-15
SO-0051,INV-BEAM-FG-0128,WC-018,0.36666666666666664,3.3333333333333335,3.7,2025-11-15
SO-0051,INV-BEAM-FG-0128,WC-032,0.0,0.3333333333333333,0.3333333333333333,2025-11-15
SO-0052,INV-STRC-FG-0065,WC-021,0.0,0.5,0.5,2025-09-27
SO-0053,INV-MODL-FG-0324,WC-025,0.0,0.6666666666666666,0.6666666666666666,2025-05-06
SO-0054,INV-MODL-FG-0339,WC-008,1.2166666666666666,5.633333333333334,6.8500000000000005,2025-05-16
SO-0054,INV-MODL-FG-0339,WC-028,0.0,1.3333333333333333,1.3333333333333333,2025-05-16
SO-0055,INV-MODL-FG-0333,WC-031,0.0,0.6666666666666666,0.6666666666666666,2025-12-11
SO-0056,INV-PLTE-FG-0261,WC-021,0.0,0.4166666666666667,0.4166666666666667,2025-07-16
SO-0057,INV-MODL-FG-0318,WC-026,0.0,0.6666666666666666,0.6666666666666666,2025-01-24
SO-0058,INV-PLTE-FG-0220,WC-011,0.6333333333333333,2.433333333333333,3.0666666666666664,2025-06-03
SO-0058,INV-PLTE-FG-0220,WC-029,0.0,0.4166666666666667,0.4166666666666667,2025-06-03
SO-0059,INV-PLTE-FG-0264,WC-022,0.0,0.4166666666666667,0.4166666666666667,2025-11-05
SO-0060,INV-MODL-FG-0284,WC-022,0.0,0.6666666666666666,0.6666666666666666,2025-11-28
SO-0061,INV-BEAM-FG-0169,WC-031,0.0,0.3333333333333333,0.3333333333333333,2025-01-16
SO-0062,INV-STRC-FG-0038,WC-024,0.0,1.0,1.0,2025-11-12
SO-0063,INV-BEAM-FG-0176,WC-023,0.0,0.3333333333333333,0.3333333333333333,2025-10-18
SO-0064,INV-STRC-FG-0076,WC-026,0.0,0.5,0.5,2025-10-07
SO-0065,INV-PLTE-FG-0226,WC-028,0.0,0.4166666666666667,0.4166666666666667,2025-07-20
SO-0066,INV-BEAM-FG-0118,WC-021,0.0,0.3333333333333333,0.3333333333333333,2025-05-21
SO-0067,INV-STRC-FG-0038,WC-024,0.0,0.5,0.5,2025-07-19
SO-0068,INV-PLTE-FG-0240,WC-031,0.0,0.4166666666666667,0.4166666666666667,2025-09-21
SO-0069,INV-STRC-FG-0036,WC-022,0.0,0.5,0.5,2025-08-30
SO-0070,INV-MODL-FG-0336,WC-012,1.2166666666666666,7.633333333333334,8.85,2025-08-29
SO-0070,INV-MODL-FG-0336,WC-023,0.0,1.3333333333333333,1.3333333333333333,2025-08-29
SO-0071,INV-PLTE-FG-0243,WC-008,0.9833333333333333,1.7833333333333334,2.7666666666666666,2025-05-22
SO-0071,INV-PLTE-FG-0243,WC-021,0.0,0.4166666666666667,0.4166666666666667,2025-05-22
SO-0072,INV-STRC-FG-0077,WC-026,0.0,0.5,0.5,2025-03-12
SO-0073,INV-STRC-FG-0011,WC-011,1.1666666666666667,1.9,3.0666666666666664,2025-10-23
SO-0073,INV-STRC-FG-0011,WC-027,0.0,0.5,0.5,2025-10-23
SO-0074,INV-PLTE-FG-0210,WC-028,0.0,0.4166666666666667,0.4166666666666667,2025-07-04
SO-0075,INV-MODL-FG-0338,WC-021,0.0,0.6666666666666666,0.6666666666666666,2025-08-18
SO-0076,INV-PLTE-FG-0239,WC-007,0.4166666666666667,6.4,6.816666666666667,2025-10-18
SO-0076,INV-PLTE-FG-0239,WC-022,0.0,0.8333333333333334,0.8333333333333334,2025-10-18
SO-0077,INV-BEAM-FG-0174,WC-029,0.0,0.3333333333333333,0.3333333333333333,2025-05-01
SO-0078,INV-BEAM-FG-0106,WC-008,1.25,3.5833333333333335,4.833333333333334,2025-09-26
SO-0078,INV-BEAM-FG-0106,WC-022,0.0,0.3333333333333333,0.3333333333333333,2025-09-26
SO-0079,INV-STRC-FG-0076,WC-026,0.0,0.5,0.5,2025-12-11
SO-0080,INV-PLTE-FG-0202,WC-028,0.0,0.4166666666666667,0.4166666666666667,2025-02-28
SO-0081,INV-MODL-FG-0266,WC-011,0.4166666666666667,7.033333333333333,7.45,2025-09-30
SO-0081,INV-MODL-FG-0266,WC-025,0.0,1.3333333333333333,1.3333333333333333,2025-09-30
SO-0082,INV-BEAM-FG-0108,WC-029,0.0,0.3333333333333333,0.3333333333333333,2025-06-25
SO-0083,INV-MODL-FG-0280,WC-031,0.0,0.6666666666666666,0.6666666666666666,2025-04-29
SO-0084,INV-STRC-FG-0030,WC-026,0.0,0.5,0.5,2025-07-07
SO-0085,INV-MODL-FG-0297,WC-007,0.6,3.4833333333333334,4.083333333333333,2025-09-12
SO-0085,INV-MODL-FG-0297,WC-025,0.0,0.6666666666666666,0.6666666666666666,2025-09-12
SO-0086,INV-STRC-FG-0027,WC-024,0.0,0.5,0.5,2025-09-08
SO-0087,INV-MODL-FG-0319,WC-027,0.0,0.6666666666666666,0.6666666666666666,2025-12-16
SO-0088,INV-MODL-FG-0317,WC-032,0.0,0.6666666666666666,0.6666666666666666,2025-04-11
SO-0089,INV-BEAM-FG-0141,WC-024,0.0,0.3333333333333333,0.3333333333333333,2025-09-25
SO-0090,INV-PLTE-FG-0244,WC-030,0.0,0.4166666666666667,0.4166666666666667,2025-07-02
SO-0091,INV-MODL-FG-0272,WC-023,0.0,0.6666666666666666,0.6666666666666666,2025-12-01
SO-0092,INV-PLTE-FG-0229,WC-027,0.0,0.4166666666666667,0.4166666666666667,2025-02-12
SO-0093,INV-STRC-FG-0085,WC-031,0.0,0.5,0.5,2025-04-30
SO-0094,INV-BEAM-FG-0163,WC-030,0.0,0.6666666666666666,0.6666666666666666,2025-09-16
SO-0095,INV-STRC-FG-0065,WC-021,0.0,0.5,0.5,2025-05-30
SO-0096,INV-MODL-FG-0327,WC-028,0.0,0.6666666666666666,0.6666666666666666,2025-05-25
SO-0097,INV-PLTE-FG-0235,WC-032,0.0,0.8333333333333334,0.8333333333333334,2025-10-21
SO-0098,INV-PLTE-FG-0187,WC-021,0.0,0.4166666666666667,0.4166666666666667,2025-01-13
SO-0099,INV-PLTE-FG-0192,WC-016,0.23333333333333334,2.5833333333333335,2.816666666666667,2025-12-30
SO-0099,INV-PLTE-FG-0192,WC-031,0.0,0.4166666666666667,0.4166666666666667,2025-12-30
SO-0100,INV-STRC-FG-0066,WC-028,0.0,0.5,0.5,2025-09-02
SO-0101,INV-BEAM-FG-0158,WC-024,0.0,0.3333333333333333,0.3333333333333333,2025-08-02
SO-0102,INV-STRC-FG-0018,WC-032,0.0,2.0,2.0,2025-03-12
SO-0103,INV-STRC-FG-0084,WC-029,0.0,1.0,1.0,2025-02-07
SO-0104,INV-MODL-FG-0300,WC-027,0.0,0.6666666666666666,0.6666666666666666,2025-02-05
SO-0105,INV-MODL-FG-0329,WC-023,0.0,0.6666666666666666,0.6666666666666666,2025-06-21
SO-0106,INV-MODL-FG-0338,WC-021,0.0,0.6666666666666666,0.6666666666666666,2025-08-19
SO-0107,INV-BEAM-FG-0090,WC-022,0.0,0.3333333333333333,0.3333333333333333,2025-03-18
SO-0108,INV-MODL-FG-0316,WC-029,0.0,0.6666666666666666,0.6666666666666666,2025-05-26
SO-0109,INV-BEAM-FG-0118,WC-021,0.0,0.3333333333333333,0.3333333333333333,2025-05-24
SO-0110,INV-PLTE-FG-0234,WC-028,0.0,0.4166666666666667,0.4166666666666667,2025-03-26
SO-0111,INV-BEAM-FG-0093,WC-029,0.0,0.3333333333333333,0.3333333333333333,2025-06-28
SO-0112,INV-BEAM-FG-0134,WC-030,0.0,0.3333333333333333,0.3333333333333333,2025-07-11
SO-0113,INV-STRC-FG-0036,WC-022,0.0,0.5,0.5,2025-03-13
SO-0114,INV-PLTE-FG-0197,WC-031,0.0,0.8333333333333334,0.8333333333333334,2025-05-03
SO-0115,INV-MODL-FG-0321,WC-032,0.0,2.6666666666666665,2.6666666666666665,2025-07-02
SO-0116,INV-BEAM-FG-0095,WC-022,0.0,0.3333333333333333,0.3333333333333333,2025-01-27
SO-0117,INV-MODL-FG-0317,WC-032,0.0,1.3333333333333333,1.3333333333333333,2025-08-30
SO-0118,INV-MODL-FG-0328,WC-029,0.0,0.6666666666666666,0.6666666666666666,2025-07-28
SO-0119,INV-BEAM-FG-0180,WC-023,0.0,0.3333333333333333,0.3333333333333333,2025-08-20
SO-0120,INV-STRC-FG-0012,WC-025,0.0,1.0,1.0,2025-05-31
SO-0121,INV-BEAM-FG-0175,WC-031,0.0,0.3333333333333333,0.3333333333333333,2025-01-12
SO-0122,INV-PLTE-FG-0254,WC-026,0.0,0.4166666666666667,0.4166666666666667,2025-04-23
SO-0123,INV-BEAM-FG-0116,WC-021,0.0,0.3333333333333333,0.3333333333333333,2025-05-10
SO-0124,INV-PLTE-FG-0259,WC-029,0.0,0.8333333333333334,0.8333333333333334,2025-03-09
SO-0125,INV-PLTE-FG-0206,WC-029,0.0,0.8333333333333334,0.8333333333333334,2025-09-13
SO-0126,INV-BEAM-FG-0096,WC-022,0.0,0.3333333333333333,0.3333333333333333,2025-01-13
SO-0127,INV-PLTE-FG-0227,WC-028,0.0,0.4166666666666667,0.4166666666666667,2025-07-28
SO-0128,INV-MODL-FG-0303,WC-029,0.0,0.6666666666666666,0.6666666666666666,2025-02-13
SO-0129,INV-PLTE-FG-0222,WC-027,0.0,0.4166666666666667,0.4166666666666667,2025-10-29
SO-0130,INV-MODL-FG-0302,WC-024,0.0,0.6666666666666666,0.6666666666666666,2025-01-18
SO-0131,INV-BEAM-FG-0107,WC-026,0.0,0.3333333333333333,0.3333333333333333,2025-03-14
SO-0132,INV-MODL-FG-0316,WC-029,0.0,0.6666666666666666,0.6666666666666666,2025-06-01
SO-0133,INV-BEAM-FG-0177,WC-020,0.0,0.3333333333333333,0.3333333333333333,2025-07-09
SO-0134,INV-PLTE-FG-0198,WC-022,0.0,0.4166666666666667,0.4166666666666667,2025-05-16
SO-0135,INV-MODL-FG-0269,WC-028,0.0,2.6666666666666665,2.6666666666666665,2025-08-03
SO-0136,INV-STRC-FG-0060,WC-031,0.0,0.5,0.5,2025-12-07
SO-0137,INV-BEAM-FG-0152,WC-008,0.7833333333333333,6.866666666666666,7.6499999999999995,2025-09-17
SO-0137,INV-BEAM-FG-0152,WC-027,0.0,0.6666666666666666,0.6666666666666666,2025-09-17
SO-0138,INV-BEAM-FG-0169,WC-031,0.0,0.3333333333333333,0.3333333333333333,2025-03-29
SO-0139,INV-MODL-FG-0284,WC-022,0.0,1.3333333333333333,1.3333333333333333,2025-02-14
SO-0140,INV-PLTE-FG-0246,WC-030,0.0,0.4166666666666667,0.4166666666666667,2025-02-18
SO-0141,INV-STRC-FG-0061,WC-029,0.0,0.5,0.5,2025-12-19
SO-0142,INV-PLTE-FG-0225,WC-026,0.0,0.4166666666666667,0.4166666666666667,2025-07-16
SO-0143,INV-MODL-FG-0295,WC-027,0.0,0.6666666666666666,0.6666666666666666,2025-03-02
SO-0144,INV-MODL-FG-0336,WC-023,0.0,0.6666666666666666,0.6666666666666666,2025-02-23
SO-0145,INV-MODL-FG-0293,WC-020,0.0,0.6666666666666666,0.6666666666666666,2025-12-12
SO-0146,INV-MODL-FG-0334,WC-020,0.0,0.6666666666666666,0.6666666666666666,2025-02-02
SO-0147,INV-BEAM-FG-0132,WC-026,0.0,0.3333333333333333,0.3333333333333333,2025-08-03
SO-0148,INV-PLTE-FG-0248,WC-031,0.0,0.8333333333333334,0.8333333333333334,2025-11-25
SO-0149,INV-PLTE-FG-0224,WC-020,0.0,0.4166666666666667,0.4166666666666667,2025-07-30
SO-0150,INV-BEAM-FG-0163,WC-030,0.0,1.3333333333333333,1.3333333333333333,2025-07-21
SO-0151,INV-STRC-FG-0071,WC-024,0.0,0.5,0.5,2025-04-21
SO-0152,INV-PLTE-FG-0252,WC-022,0.0,0.4166666666666667,0.4166666666666667,2025-02-28
SO-0153,INV-MODL-FG-0270,WC-021,0.0,0.6666666666666666,0.6666666666666666,2025-07-21
SO-0154,INV-STRC-FG-0025,WC-025,0.0,0.5,0.5,2025-02-05
SO-0155,INV-BEAM-FG-0145,WC-028,0.0,0.3333333333333333,0.3333333333333333,2025-06-02
SO-0156,INV-MODL-FG-0306,WC-028,0.0,2.6666666666666665,2.6666666666666665,2025-07-11
SO-0157,INV-BEAM-FG-0176,WC-023,0.0,0.3333333333333333,0.3333333333333333,2025-09-16
SO-0158,INV-BEAM-FG-0168,WC-025,0.0,0.3333333333333333,0.3333333333333333,2025-06-01
SO-0159,INV-STRC-FG-0015,WC-027,0.0,0.5,0.5,2025-12-14
SO-0160,INV-STRC-FG-0061,WC-029,0.0,1.0,1.0,2025-02-06
SO-0161,INV-MODL-FG-0293,WC-020,0.0,0.6666666666666666,0.6666666666666666,2025-11-23
SO-0162,INV-BEAM-FG-0167,WC-022,0.0,0.3333333333333333,0.3333333333333333,2025-04-01
SO-0163,INV-PLTE-FG-0234,WC-028,0.0,0.4166666666666667,0.4166666666666667,2025-07-14
SO-0164,INV-PLTE-FG-0238,WC-028,0.0,0.4166666666666667,0.4166666666666667,2025-03-06
SO-0165,INV-PLTE-FG-0230,WC-007,1.1333333333333333,1.7833333333333334,2.916666666666667,2025-09-27
SO-0165,INV-PLTE-FG-0230,WC-023,0.0,0.4166666666666667,0.4166666666666667,2025-09-27
SO-0166,INV-PLTE-FG-0238,WC-028,0.0,0.4166666666666667,0.4166666666666667,2025-08-26
SO-0167,INV-BEAM-FG-0110,WC-029,0.0,0.3333333333333333,0.3333333333333333,2025-04-08
SO-0168,INV-STRC-FG-0044,WC-022,0.0,1.0,1.0,2025-10-06
SO-0169,INV-STRC-FG-0070,WC-030,0.0,0.5,0.5,2025-08-20
SO-0170,INV-PLTE-FG-0207,WC-020,0.0,1.6666666666666667,1.6666666666666667,2025-07-20
SO-0171,INV-PLTE-FG-0240,WC-031,0.0,0.8333333333333334,0.8333333333333334,2025-04-17
SO-0172,INV-PLTE-FG-0258,WC-030,0.0,0.4166666666666667,0.4166666666666667,2025-06-10
SO-0173,INV-PLTE-FG-0258,WC-030,0.0,0.4166666666666667,0.4166666666666667,2025-12-06
SO-0174,INV-MODL-FG-0329,WC-023,0.0,0.6666666666666666,0.6666666666666666,2025-04-27
SO-0175,INV-STRC-FG-0052,WC-020,0.0,0.5,0.5,2025-08-31
SO-0176,INV-PLTE-FG-0248,WC-031,0.0,0.4166666666666667,0.4166666666666667,2025-01-28
SO-0177,INV-MODL-FG-0305,WC-032,0.0,0.6666666666666666,0.6666666666666666,2025-01-25
SO-0178,INV-BEAM-FG-0143,WC-031,0.0,0.6666666666666666,0.6666666666666666,2025-07-06
SO-0179,INV-BEAM-FG-0147,WC-027,0.0,0.3333333333333333,0.3333333333333333,2025-04-19
SO-0180,INV-PLTE-FG-0255,WC-031,0.0,0.4166666666666667,0.4166666666666667,2025-01-25
SO-0181,INV-STRC-FG-0007,WC-028,0.0,0.5,0.5,2025-12-04
SO-0182,INV-STRC-FG-0088,WC-031,0.0,0.5,0.5,2025-03-21
SO-0183,INV-PLTE-FG-0258,WC-030,0.0,0.4166666666666667,0.4166666666666667,2025-05-28
SO-0184,INV-STRC-FG-0034,WC-021,0.0,0.5,0.5,2025-09-04
SO-0185,INV-STRC-FG-0014,WC-020,0.0,0.5,0.5,2025-05-04
SO-0186,INV-BEAM-FG-0149,WC-030,0.0,0.3333333333333333,0.3333333333333333,2025-09-22
SO-0187,INV-MODL-FG-0279,WC-025,0.0,0.6666666666666666,0.6666666666666666,2025-04-28
SO-0188,INV-BEAM-FG-0117,WC-020,0.0,0.3333333333333333,0.3333333333333333,2025-12-23
SO-0189,INV-STRC-FG-0075,WC-031,0.0,0.5,0.5,2025-11-06
SO-0190,INV-MODL-FG-0294,WC-027,0.0,0.6666666666666666,0.6666666666666666,2025-10-18
SO-0191,INV-MODL-FG-0317,WC-032,0.0,0.6666666666666666,0.6666666666666666,2025-07-27
SO-0192,INV-STRC-FG-0086,WC-007,1.1333333333333333,1.7333333333333334,2.8666666666666667,2025-12-16
SO-0192,INV-STRC-FG-0086,WC-024,0.0,0.5,0.5,2025-12-16
SO-0193,INV-PLTE-FG-0223,WC-023,0.0,0.4166666666666667,0.4166666666666667,2025-01-22
SO-0194,INV-BEAM-FG-0126,WC-023,0.0,0.3333333333333333,0.3333333333333333,2025-08-08
SO-0195,INV-BEAM-FG-0114,WC-032,0.0,0.6666666666666666,0.6666666666666666,2025-09-20
SO-0196,INV-STRC-FG-0046,WC-021,0.0,0.5,0.5,2025-03-31
SO-0197,INV-PLTE-FG-0251,WC-021,0.0,0.4166666666666667,0.4166666666666667,2025-06-20
SO-0198,INV-MODL-FG-0304,WC-032,0.0,0.6666666666666666,0.6666666666666666,2025-01-23
SO-0199,INV-PLTE-FG-0220,WC-029,0.0,0.8333333333333334,0.8333333333333334,2025-07-02
SO-0200,INV-MODL-FG-0332,WC-017,0.35,1.35,1.7000000000000002,2025-12-28
SO-0200,INV-MODL-FG-0332,WC-021,0.0,0.6666666666666666,0.6666666666666666,2025-12-28
SO-0201,INV-BEAM-FG-0099,WC-026,0.0,0.3333333333333333,0.3333333333333333,2025-01-21
SO-0202,INV-BEAM-FG-0152,WC-027,0.0,0.3333333333333333,0.3333333333333333,2025-10-05
SO-0203,INV-STRC-FG-0010,WC-021,0.0,1.0,1.0,2025-02-27
SO-0204,INV-MODL-FG-0280,WC-031,0.0,0.6666666666666666,0.6666666666666666,2025-12-27
SO-0205,INV-STRC-FG-0020,WC-023,0.0,0.5,0.5,2025-10-23
SO-0206,INV-BEAM-FG-0168,WC-025,0.0,0.6666666666666666,0.6666666666666666,2025-01-14
SO-0207,INV-MODL-FG-0287,WC-022,0.0,1.3333333333333333,1.3333333333333333,2025-10-13
SO-0208,INV-STRC-FG-0055,WC-022,0.0,0.5,0.5,2025-02-16
SO-0209,INV-BEAM-FG-0163,WC-030,0.0,0.3333333333333333,0.3333333333333333,2025-09-12
SO-0210,INV-MODL-FG-0296,WC-030,0.0,0.6666666666666666,0.6666666666666666,2025-07-18
SO-0211,INV-BEAM-FG-0146,WC-030,0.0,0.3333333333333333,0.3333333333333333,2025-04-27
SO-0212,INV-MODL-FG-0312,WC-024,0.0,0.6666666666666666,0.6666666666666666,2025-12-20
SO-0213,INV-BEAM-FG-0132,WC-026,0.0,0.3333333333333333,0.3333333333333333,2025-11-30
SO-0214,INV-MODL-FG-0310,WC-028,0.0,2.6666666666666665,2.6666666666666665,2025-05-03
SO-0215,INV-BEAM-FG-0174,WC-029,0.0,0.3333333333333333,0.3333333333333333,2025-09-23
SO-0216,INV-STRC-FG-0085,WC-031,0.0,0.5,0.5,2025-05-24
SO-0217,INV-BEAM-FG-0171,WC-026,0.0,0.6666666666666666,0.6666666666666666,2025-06-21
SO-0218,INV-BEAM-FG-0150,WC-030,0.0,0.3333333333333333,0.3333333333333333,2025-12-07
SO-0219,INV-STRC-FG-0083,WC-024,0.0,0.5,0.5,2025-01-18
SO-0220,INV-BEAM-FG-0129,WC-032,0.0,0.6666666666666666,0.6666666666666666,2025-07-11
SO-0221,INV-BEAM-FG-0110,WC-029,0.0,0.3333333333333333,0.3333333333333333,2025-12-08
SO-0222,INV-PLTE-FG-0184,WC-030,0.0,0.4166666666666667,0.4166666666666667,2025-03-27
SO-0223,INV-MODL-FG-0320,WC-024,0.0,0.6666666666666666,0.6666666666666666,2025-09-10
SO-0224,INV-MODL-FG-0296,WC-030,0.0,0.6666666666666666,0.6666666666666666,2025-09-02
SO-0225,INV-STRC-FG-0044,WC-011,0.8833333333333333,3.033333333333333,3.9166666666666665,2025-12-27
SO-0225,INV-STRC-FG-0044,WC-022,0.0,0.5,0.5,2025-12-27
SO-0226,INV-BEAM-FG-0136,WC-025,0.0,0.3333333333333333,0.3333333333333333,2025-03-13
SO-0227,INV-STRC-FG-0063,WC-024,0.0,0.5,0.5,2025-08-08
SO-0228,INV-MODL-FG-0310,WC-028,0.0,0.6666666666666666,0.6666666666666666,2025-10-11
SO-0229,INV-BEAM-FG-0172,WC-031,0.0,1.3333333333333333,1.3333333333333333,2025-09-14
SO-0230,INV-MODL-FG-0303,WC-029,0.0,0.6666666666666666,0.6666666666666666,2025-10-11
SO-0231,INV-MODL-FG-0309,WC-031,0.0,0.6666666666666666,0.6666666666666666,2025-03-19
SO-0232,INV-PLTE-FG-0215,WC-022,0.0,0.4166666666666667,0.4166666666666667,2025-07-06
SO-0233,INV-MODL-FG-0305,WC-032,0.0,0.6666666666666666,0.6666666666666666,2025-06-27
SO-0234,INV-STRC-FG-0046,WC-021,0.0,0.5,0.5,2025-07-18
SO-0235,INV-STRC-FG-0067,WC-023,0.0,0.5,0.5,2025-04-04
SO-0237,INV-BEAM-FG-0090,WC-022,0.0,0.3333333333333333,0.3333333333333333,2025-11-09
SO-0238,INV-BEAM-FG-0114,WC-032,0.0,0.3333333333333333,0.3333333333333333,2025-02-13
SO-0239,INV-PLTE-FG-0219,WC-028,0.0,0.4166666666666667,0.4166666666666667,2025-12-11
SO-0240,INV-PLTE-FG-0186,WC-026,0.0,0.4166666666666667,0.4166666666666667,2025-08-07
SO-0241,INV-MODL-FG-0266,WC-025,0.0,0.6666666666666666,0.6666666666666666,2025-07-28
SO-0242,INV-PLTE-FG-0201,WC-024,0.0,0.8333333333333334,0.8333333333333334,2025-10-03
SO-0243,INV-STRC-FG-0006,WC-029,0.0,0.5,0.5,2025-07-30
SO-0244,INV-BEAM-FG-0168,WC-025,0.0,0.3333333333333333,0.3333333333333333,2025-12-16
SO-0245,INV-MODL-FG-0277,WC-024,0.0,0.6666666666666666,0.6666666666666666,2025-03-30
SO-0246,INV-PLTE-FG-0214,WC-032,0.0,1.6666666666666667,1.6666666666666667,2025-05-16
SO-0247,INV-BEAM-FG-0118,WC-021,0.0,0.6666666666666666,0.6666666666666666,2025-12-04
SO-0248,INV-PLTE-FG-0231,WC-028,0.0,0.4166666666666667,0.4166666666666667,2025-07-21
SO-0249,INV-PLTE-FG-0236,WC-024,0.0,0.8333333333333334,0.8333333333333334,2025-05-10
SO-0250,INV-MODL-FG-0324,WC-025,0.0,2.6666666666666665,2.6666666666666665,2025-04-02
SO-0251,INV-BEAM-FG-0181,WC-030,0.0,0.3333333333333333,0.3333333333333333,2025-10-04
SO-0252,INV-BEAM-FG-0108,WC-029,0.0,0.3333333333333333,0.3333333333333333,2025-04-05
SO-0253,INV-PLTE-FG-0249,WC-026,0.0,0.4166666666666667,0.4166666666666667,2025-12-24
SO-0254,INV-PLTE-FG-0225,WC-026,0.0,0.4166666666666667,0.4166666666666667,2025-06-27
SO-0255,INV-MODL-FG-0267,WC-021,0.0,1.3333333333333333,1.3333333333333333,2025-06-05
SO-0256,INV-STRC-FG-0052,WC-020,0.0,0.5,0.5,2025-08-20
SO-0257,INV-BEAM-FG-0100,WC-029,0.0,0.3333333333333333,0.3333333333333333,2025-06-14
SO-0258,INV-STRC-FG-0035,WC-024,0.0,1.0,1.0,2025-11-25
SO-0259,INV-BEAM-FG-0118,WC-021,0.0,0.3333333333333333,0.3333333333333333,2025-12-19
SO-0260,INV-STRC-FG-0023,WC-030,0.0,1.0,1.0,2025-12-25
SO-0261,INV-BEAM-FG-0174,WC-029,0.0,0.3333333333333333,0.3333333333333333,2025-05-05
SO-0262,INV-MODL-FG-0270,WC-021,0.0,1.3333333333333333,1.3333333333333333,2025-11-03
SO-0264,INV-MODL-FG-0271,WC-030,0.0,1.3333333333333333,1.3333333333333333,2025-04-01
SO-0265,INV-MODL-FG-0311,WC-029,0.0,2.6666666666666665,2.6666666666666665,2025-10-24
SO-0266,INV-STRC-FG-0031,WC-024,0.0,0.5,0.5,2025-02-05
SO-0267,INV-STRC-FG-0009,WC-023,0.0,0.5,0.5,2025-12-16
SO-0268,INV-PLTE-FG-0246,WC-030,0.0,0.4166666666666667,0.4166666666666667,2025-03-31
SO-0269,INV-BEAM-FG-0171,WC-026,0.0,1.3333333333333333,1.3333333333333333,2025-03-26
SO-0270,INV-BEAM-FG-0177,WC-020,0.0,0.3333333333333333,0.3333333333333333,2025-06-30
SO-0271,INV-MODL-FG-0276,WC-022,0.0,1.3333333333333333,1.3333333333333333,2025-05-10
SO-0274,INV-PLTE-FG-0220,WC-029,0.0,0.4166666666666667,0.4166666666666667,2025-05-17
SO-0275,INV-PLTE-FG-0219,WC-028,0.0,0.8333333333333334,0.8333333333333334,2025-12-19
SO-0276,INV-PLTE-FG-0251,WC-021,0.0,0.4166666666666667,0.4166666666666667,2025-06-29
SO-0277,INV-STRC-FG-0061,WC-029,0.0,0.5,0.5,2025-11-15
SO-0278,INV-PLTE-FG-0228,WC-022,0.0,0.8333333333333334,0.8333333333333334,2025-03-30
SO-0279,INV-STRC-FG-0007,WC-028,0.0,0.5,0.5,2025-11-08
SO-0280,INV-PLTE-FG-0217,WC-022,0.0,0.8333333333333334,0.8333333333333334,2025-09-18
SO-0281,INV-STRC-FG-0068,WC-029,0.0,0.5,0.5,2025-09-24
SO-0282,INV-MODL-FG-0308,WC-028,0.0,0.6666666666666666,0.6666666666666666,2025-10-09
SO-0283,INV-MODL-FG-0299,WC-023,0.0,0.6666666666666666,0.6666666666666666,2025-12-24
SO-0284,INV-MODL-FG-0291,WC-021,0.0,0.6666666666666666,0.6666666666666666,2025-12-02
SO-0286,INV-PLTE-FG-0242,WC-031,0.0,0.4166666666666667,0.4166666666666667,2025-12-08
SO-0288,INV-PLTE-FG-0217,WC-022,0.0,0.4166666666666667,0.4166666666666667,2025-04-26
SO-0289,INV-BEAM-FG-0090,WC-022,0.0,0.3333333333333333,0.3333333333333333,2025-06-19
SO-0290,INV-BEAM-FG-0098,WC-025,0.0,0.6666666666666666,0.6666666666666666,2025-04-06
SO-0291,INV-STRC-FG-0011,WC-027,0.0,0.5,0.5,2025-05-06
SO-0292,INV-STRC-FG-0019,WC-026,0.0,2.0,2.0,2025-05-31
SO-0294,INV-STRC-FG-0037,WC-022,0.0,1.0,1.0,2025-10-15
SO-0295,INV-STRC-FG-0048,WC-023,0.0,0.5,0.5,2025-01-25
SO-0296,INV-MODL-FG-0313,WC-029,0.0,0.6666666666666666,0.6666666666666666,2025-07-12
SO-0298,INV-STRC-FG-0063,WC-024,0.0,0.5,0.5,2025-11-05
SO-0299,INV-BEAM-FG-0177,WC-020,0.0,0.3333333333333333,0.3333333333333333,2025-12-02
SO-0300,INV-MODL-FG-0285,WC-031,0.0,0.6666666666666666,0.6666666666666666,2025-07-15
SO-0301,INV-PLTE-FG-0262,WC-031,0.0,0.4166666666666667,0.4166666666666667,2025-05-06
SO-0303,INV-MODL-FG-0274,WC-028,0.0,1.3333333333333333,1.3333333333333333,2025-08-07
SO-0304,INV-MODL-FG-0296,WC-030,0.0,0.6666666666666666,0.6666666666666666,2025-07-22
SO-0305,INV-BEAM-FG-0119,WC-026,0.0,0.3333333333333333,0.3333333333333333,2025-12-16
SO-0306,INV-PLTE-FG-0214,WC-032,0.0,0.4166666666666667,0.4166666666666667,2025-09-12
SO-0307,INV-STRC-FG-0003,WC-030,0.0,0.5,0.5,2025-05-21
SO-0308,INV-BEAM-FG-0118,WC-021,0.0,0.6666666666666666,0.6666666666666666,2025-05-30
SO-0309,INV-PLTE-FG-0232,WC-023,0.0,0.4166666666666667,0.4166666666666667,2025-05-30
SO-0310,INV-STRC-FG-0028,WC-026,0.0,0.5,0.5,2025-05-22
SO-0312,INV-MODL-FG-0322,WC-023,0.0,0.6666666666666666,0.6666666666666666,2025-08-03
SO-0313,INV-MODL-FG-0271,WC-030,0.0,0.6666666666666666,0.6666666666666666,2025-12-29
SO-0314,INV-STRC-FG-0084,WC-029,0.0,0.5,0.5,2025-09-08
SO-0315,INV-BEAM-FG-0099,WC-026,0.0,0.3333333333333333,0.3333333333333333,2025-12-18
SO-0316,INV-STRC-FG-0085,WC-031,0.0,0.5,0.5,2025-09-09
SO-0318,INV-STRC-FG-0011,WC-027,0.0,0.5,0.5,2025-08-31
SO-0321,INV-BEAM-FG-0168,WC-025,0.0,0.3333333333333333,0.3333333333333333,2025-11-23
SO-0322,INV-MODL-FG-0313,WC-029,0.0,0.6666666666666666,0.6666666666666666,2025-11-02
SO-0324,INV-PLTE-FG-0214,WC-032,0.0,0.4166666666666667,0.4166666666666667,2025-03-06
SO-0325,INV-PLTE-FG-0209,WC-030,0.0,0.4166666666666667,0.4166666666666667,2025-08-01
SO-0326,INV-MODL-FG-0266,WC-025,0.0,0.6666666666666666,0.6666666666666666,2025-12-31
SO-0328,INV-BEAM-FG-0159,WC-024,0.0,0.3333333333333333,0.3333333333333333,2025-07-07
SO-0329,INV-PLTE-FG-0194,WC-025,0.0,0.4166666666666667,0.4166666666666667,2025-11-27
SO-0330,INV-BEAM-FG-0134,WC-030,0.0,0.3333333333333333,0.3333333333333333,2025-06-05
SO-0332,INV-MODL-FG-0292,WC-031,0.0,0.6666666666666666,0.6666666666666666,2025-12-04
SO-0334,INV-BEAM-FG-0115,WC-024,0.0,0.3333333333333333,0.3333333333333333,2025-11-07
SO-0335,INV-STRC-FG-0036,WC-022,0.0,0.5,0.5,2025-06-23
SO-0336,INV-MODL-FG-0287,WC-022,0.0,0.6666666666666666,0.6666666666666666,2025-10-31
SO-0339,INV-MODL-FG-0322,WC-023,0.0,1.3333333333333333,1.3333333333333333,2025-10-16
SO-0341,INV-BEAM-FG-0112,WC-031,0.0,0.6666666666666666,0.6666666666666666,2025-10-17
SO-0342,INV-MODL-FG-0271,WC-030,0.0,1.3333333333333333,1.3333333333333333,2025-11-26
SO-0343,INV-BEAM-FG-0095,WC-022,0.0,0.3333333333333333,0.3333333333333333,2025-04-18
SO-0347,INV-STRC-FG-0086,WC-024,0.0,0.5,0.5,2025-04-13
SO-0348,INV-STRC-FG-0058,WC-029,0.0,0.5,0.5,2025-08-23
SO-0349,INV-PLTE-FG-0210,WC-028,0.0,0.4166666666666667,0.4166666666666667,2025-11-15
SO-0350,INV-STRC-FG-0081,WC-023,0.0,0.5,0.5,2025-08-29
SO-0351,INV-MODL-FG-0304,WC-032,0.0,0.6666666666666666,0.6666666666666666,2025-11-08
SO-0352,INV-PLTE-FG-0254,WC-026,0.0,0.8333333333333334,0.8333333333333334,2025-05-03
SO-0353,INV-BEAM-FG-0124,WC-025,0.0,0.3333333333333333,0.3333333333333333,2025-08-12
SO-0354,INV-MODL-FG-0280,WC-031,0.0,0.6666666666666666,0.6666666666666666,2025-08-30
SO-0355,INV-BEAM-FG-0134,WC-030,0.0,0.3333333333333333,0.3333333333333333,2025-11-21
SO-0356,INV-PLTE-FG-0216,WC-027,0.0,0.4166666666666667,0.4166666666666667,2025-03-27
SO-0357,INV-MODL-FG-0336,WC-023,0.0,0.6666666666666666,0.6666666666666666,2025-09-01
SO-0359,INV-BEAM-FG-0164,WC-025,0.0,0.3333333333333333,0.3333333333333333,2025-03-31
SO-0360,INV-STRC-FG-0062,WC-030,0.0,1.0,1.0,2025-11-28
SO-0361,INV-BEAM-FG-0148,WC-026,0.0,0.3333333333333333,0.3333333333333333,2025-01-26
SO-0362,INV-BEAM-FG-0177,WC-020,0.0,0.3333333333333333,0.3333333333333333,2025-02-21
SO-0366,INV-PLTE-FG-0200,WC-031,0.0,0.4166666666666667,0.4166666666666667,2025-10-19
SO-0368,INV-BEAM-FG-0094,WC-029,0.0,0.3333333333333333,0.3333333333333333,2025-09-25
SO-0370,INV-MODL-FG-0294,WC-027,0.0,0.6666666666666666,0.6666666666666666,2025-10-19
SO-0372,INV-STRC-FG-0015,WC-027,0.0,0.5,0.5,2025-08-13
SO-0373,INV-PLTE-FG-0190,WC-027,0.0,0.4166666666666667,0.4166666666666667,2025-12-27
SO-0374,INV-PLTE-FG-0206,WC-029,0.0,0.4166666666666667,0.4166666666666667,2025-10-02
SO-0375,INV-PLTE-FG-0246,WC-030,0.0,0.4166666666666667,0.4166666666666667,2025-11-14
SO-0377,INV-STRC-FG-0087,WC-032,0.0,0.5,0.5,2025-05-10
SO-0379,INV-MODL-FG-0281,WC-025,0.0,0.6666666666666666,0.6666666666666666,2025-07-12
SO-0380,INV-MODL-FG-0279,WC-025,0.0,0.6666666666666666,0.6666666666666666,2025-07-26
SO-0381,INV-PLTE-FG-0208,WC-020,0.0,0.8333333333333334,0.8333333333333334,2025-05-19
SO-0382,INV-PLTE-FG-0225,WC-026,0.0,0.4166666666666667,0.4166666666666667,2025-08-26
SO-0383,INV-BEAM-FG-0117,WC-020,0.0,0.3333333333333333,0.3333333333333333,2025-11-27
SO-0384,INV-BEAM-FG-0129,WC-032,0.0,0.3333333333333333,0.3333333333333333,2025-06-20
SO-0385,INV-BEAM-FG-0177,WC-020,0.0,0.6666666666666666,0.6666666666666666,2025-05-10
SO-0387,INV-PLTE-FG-0182,WC-024,0.0,0.4166666666666667,0.4166666666666667,2025-02-25
SO-0388,INV-STRC-FG-0055,WC-022,0.0,0.5,0.5,2025-06-18
SO-0389,INV-STRC-FG-0016,WC-021,0.0,0.5,0.5,2025-07-30
SO-0390,INV-BEAM-FG-0167,WC-022,0.0,0.3333333333333333,0.3333333333333333,2025-10-03
SO-0391,INV-STRC-FG-0027,WC-024,0.0,0.5,0.5,2025-03-26
SO-0393,INV-BEAM-FG-0152,WC-027,0.0,0.3333333333333333,0.3333333333333333,2025-04-15
SO-0395,INV-BEAM-FG-0116,WC-021,0.0,0.3333333333333333,0.3333333333333333,2025-11-09
SO-0396,INV-MODL-FG-0302,WC-024,0.0,0.6666666666666666,0.6666666666666666,2025-10-04
SO-0397,INV-MODL-FG-0269,WC-028,0.0,0.6666666666666666,0.6666666666666666,2025-11-12
SO-0399,INV-BEAM-FG-0158,WC-024,0.0,0.3333333333333333,0.3333333333333333,2025-03-30
SO-0400,INV-BEAM-FG-0132,WC-026,0.0,0.3333333333333333,0.3333333333333333,2025-03-28
SO-0401,INV-BEAM-FG-0137,WC-020,0.0,0.3333333333333333,0.3333333333333333,2025-09-06
SO-0403,INV-PLTE-FG-0198,WC-022,0.0,0.4166666666666667,0.4166666666666667,2025-08-19
SO-0405,INV-PLTE-FG-0247,WC-026,0.0,0.4166666666666667,0.4166666666666667,2025-09-07
SO-0406,INV-MODL-FG-0322,WC-023,0.0,0.6666666666666666,0.6666666666666666,2025-01-18
SO-0407,INV-PLTE-FG-0254,WC-026,0.0,0.4166666666666667,0.4166666666666667,2025-09-15
SO-0408,INV-BEAM-FG-0098,WC-025,0.0,0.3333333333333333,0.3333333333333333,2025-01-12
SO-0409,INV-STRC-FG-0036,WC-022,0.0,1.0,1.0,2025-06-24
SO-0410,INV-PLTE-FG-0194,WC-025,0.0,0.4166666666666667,0.4166666666666667,2025-08-20
SO-0411,INV-BEAM-FG-0179,WC-023,0.0,0.3333333333333333,0.3333333333333333,2025-08-31
SO-0412,INV-BEAM-FG-0164,WC-025,0.0,0.3333333333333333,0.3333333333333333,2025-12-20
SO-0413,INV-BEAM-FG-0137,WC-020,0.0,0.3333333333333333,0.3333333333333333,2025-02-10
SO-0414,INV-MODL-FG-0316,WC-029,0.0,0.6666666666666666,0.6666666666666666,2025-12-07
SO-0415,INV-PLTE-FG-0217,WC-022,0.0,0.8333333333333334,0.8333333333333334,2025-08-11
SO-0418,INV-PLTE-FG-0222,WC-027,0.0,0.4166666666666667,0.4166666666666667,2025-07-21
SO-0419,INV-BEAM-FG-0093,WC-029,0.0,0.3333333333333333,0.3333333333333333,2025-11-03
SO-0420,INV-BEAM-FG-0091,WC-020,0.0,1.3333333333333333,1.3333333333333333,2025-11-04
SO-0421,INV-PLTE-FG-0247,WC-026,0.0,0.4166666666666667,0.4166666666666667,2025-04-18
SO-0423,INV-MODL-FG-0266,WC-025,0.0,0.6666666666666666,0.6666666666666666,2025-08-15
SO-0424,INV-MODL-FG-0285,WC-031,0.0,0.6666666666666666,0.6666666666666666,2025-11-03
SO-0425,INV-BEAM-FG-0165,WC-023,0.0,0.3333333333333333,0.3333333333333333,2025-07-06
SO-0426,INV-PLTE-FG-0214,WC-032,0.0,0.4166666666666667,0.4166666666666667,2025-08-28
SO-0427,INV-MODL-FG-0275,WC-025,0.0,0.6666666666666666,0.6666666666666666,2025-07-26
SO-0428,INV-BEAM-FG-0115,WC-024,0.0,0.3333333333333333,0.3333333333333333,2025-04-21
SO-0432,INV-MODL-FG-0300,WC-027,0.0,0.6666666666666666,0.6666666666666666,2025-12-15
SO-0433,INV-MODL-FG-0265,WC-027,0.0,0.6666666666666666,0.6666666666666666,2025-06-22
SO-0434,INV-PLTE-FG-0232,WC-023,0.0,0.8333333333333334,0.8333333333333334,2025-11-09
SO-0436,INV-STRC-FG-0030,WC-026,0.0,0.5,0.5,2025-09-27
SO-0437,INV-PLTE-FG-0256,WC-028,0.0,0.4166666666666667,0.4166666666666667,2025-11-14
SO-0439,INV-STRC-FG-0071,WC-024,0.0,0.5,0.5,2025-11-11
SO-0440,INV-STRC-FG-0015,WC-027,0.0,0.5,0.5,2025-08-21
SO-0441,INV-STRC-FG-0023,WC-005,0.23333333333333334,2.4833333333333334,2.716666666666667,2025-12-30
SO-0441,INV-STRC-FG-0023,WC-030,0.0,0.5,0.5,2025-12-30
SO-0447,INV-BEAM-FG-0130,WC-023,0.0,1.3333333333333333,1.3333333333333333,2025-09-07
SO-0448,INV-BEAM-FG-0153,WC-029,0.0,0.3333333333333333,0.3333333333333333,2025-10-30
SO-0451,INV-PLTE-FG-0197,WC-031,0.0,0.8333333333333334,0.8333333333333334,2025-09-24
SO-0452,INV-PLTE-FG-0183,WC-026,0.0,0.4166666666666667,0.4166666666666667,2025-10-01
SO-0455,INV-PLTE-FG-0194,WC-025,0.0,1.6666666666666667,1.6666666666666667,2025-10-28
SO-0456,INV-STRC-FG-0050,WC-020,0.0,1.0,1.0,2025-03-23
SO-0457,INV-STRC-FG-0052,WC-020,0.0,0.5,0.5,2025-06-29
SO-0459,INV-MODL-FG-0273,WC-021,0.0,0.6666666666666666,0.6666666666666666,2025-12-09
SO-0460,INV-STRC-FG-0058,WC-029,0.0,0.5,0.5,2025-12-13
SO-0461,INV-STRC-FG-0015,WC-027,0.0,0.5,0.5,2025-11-29
SO-0462,INV-STRC-FG-0074,WC-024,0.0,0.5,0.5,2025-04-07
SO-0463,INV-STRC-FG-0052,WC-020,0.0,0.5,0.5,2025-07-03
SO-0464,INV-MODL-FG-0322,WC-023,0.0,1.3333333333333333,1.3333333333333333,2025-08-03
SO-0466,INV-BEAM-FG-0147,WC-027,0.0,0.3333333333333333,0.3333333333333333,2025-01-22
SO-0467,INV-PLTE-FG-0193,WC-027,0.0,0.4166666666666667,0.4166666666666667,2025-12-12
SO-0468,INV-PLTE-FG-0245,WC-024,0.0,0.4166666666666667,0.4166666666666667,2025-11-23
SO-0470,INV-STRC-FG-0019,WC-026,0.0,0.5,0.5,2025-05-23
SO-0474,INV-MODL-FG-0319,WC-027,0.0,2.6666666666666665,2.6666666666666665,2025-06-05
SO-0475,INV-MODL-FG-0269,WC-028,0.0,0.6666666666666666,0.6666666666666666,2025-10-30
SO-0477,INV-PLTE-FG-0193,WC-027,0.0,1.6666666666666667,1.6666666666666667,2025-07-29
SO-0485,INV-BEAM-FG-0151,WC-025,0.0,0.3333333333333333,0.3333333333333333,2025-11-03
SO-0486,INV-STRC-FG-0035,WC-024,0.0,0.5,0.5,2025-07-21
SO-0490,INV-MODL-FG-0286,WC-032,0.0,0.6666666666666666,0.6666666666666666,2025-10-23
SO-0497,INV-BEAM-FG-0117,WC-020,0.0,0.3333333333333333,0.3333333333333333,2025-06-21
SO-0498,INV-BEAM-FG-0163,WC-030,0.0,0.3333333333333333,0.3333333333333333,2025-12-26
SO-0502,INV-STRC-FG-0019,WC-026,0.0,1.0,1.0,2025-10-20
SO-0503,INV-STRC-FG-0081,WC-023,0.0,0.5,0.5,2025-07-20
SO-0507,INV-MODL-FG-0283,WC-026,0.0,0.6666666666666666,0.6666666666666666,2025-10-21
SO-0510,INV-PLTE-FG-0205,WC-021,0.0,0.4166666666666667,0.4166666666666667,2025-11-29
SO-0511,INV-STRC-FG-0073,WC-025,0.0,0.5,0.5,2025-11-25
SO-0516,INV-BEAM-FG-0180,WC-023,0.0,0.3333333333333333,0.3333333333333333,2025-07-22
SO-0518,INV-PLTE-FG-0245,WC-024,0.0,0.4166666666666667,0.4166666666666667,2025-05-23
SO-0522,INV-PLTE-FG-0245,WC-024,0.0,0.4166666666666667,0.4166666666666667,2025-10-01
SO-0523,INV-PLTE-FG-0225,WC-026,0.0,0.8333333333333334,0.8333333333333334,2025-11-20
SO-0524,INV-BEAM-FG-0104,WC-021,0.0,0.3333333333333333,0.3333333333333333,2025-10-15
SO-0525,INV-BEAM-FG-0091,WC-020,0.0,1.3333333333333333,1.3333333333333333,2025-10-26
SO-0526,INV-PLTE-FG-0233,WC-026,0.0,0.4166666666666667,0.4166666666666667,2025-09-13
SO-0527,INV-BEAM-FG-0157,WC-028,0.0,0.3333333333333333,0.3333333333333333,2025-10-22
SO-0528,INV-PLTE-FG-0238,WC-028,0.0,0.4166666666666667,0.4166666666666667,2025-12-16
SO-0529,INV-PLTE-FG-0261,WC-021,0.0,0.8333333333333334,0.8333333333333334,2025-09-29
SO-0530,INV-STRC-FG-0071,WC-024,0.0,0.5,0.5,2025-07-29
SO-0531,INV-STRC-FG-0026,WC-025,0.0,1.0,1.0,2025-09-22
SO-0536,INV-PLTE-FG-0221,WC-022,0.0,0.4166666666666667,0.4166666666666667,2025-11-07
SO-0538,INV-PLTE-FG-0203,WC-020,0.0,0.4166666666666667,0.4166666666666667,2025-05-25
SO-0540,INV-MODL-FG-0266,WC-025,0.0,0.6666666666666666,0.6666666666666666,2025-09-17
SO-0541,INV-STRC-FG-0047,WC-020,0.0,0.5,0.5,2025-09-14
SO-0544,INV-PLTE-FG-0225,WC-026,0.0,0.8333333333333334,0.8333333333333334,2025-09-22
SO-0546,INV-STRC-FG-0035,WC-024,0.0,1.0,1.0,2025-08-12
SO-0547,INV-MODL-FG-0302,WC-024,0.0,0.6666666666666666,0.6666666666666666,2025-08-02
SO-0549,INV-MODL-FG-0268,WC-024,0.0,0.6666666666666666,0.6666666666666666,2025-12-18
SO-0552,INV-STRC-FG-0082,WC-027,0.0,0.5,0.5,2025-08-27
SO-0553,INV-PLTE-FG-0213,WC-026,0.0,0.4166666666666667,0.4166666666666667,2025-10-17
SO-0558,INV-PLTE-FG-0257,WC-022,0.0,0.4166666666666667,0.4166666666666667,2025-11-24
SO-0559,INV-PLTE-FG-0188,WC-024,0.0,0.4166666666666667,0.4166666666666667,2025-09-18
SO-0560,INV-MODL-FG-0324,WC-025,0.0,0.6666666666666666,0.6666666666666666,2025-10-11
SO-0562,INV-MODL-FG-0335,WC-027,0.0,0.6666666666666666,0.6666666666666666,2025-09-30
SO-0563,INV-PLTE-FG-0221,WC-022,0.0,0.8333333333333334,0.8333333333333334,2025-09-22
SO-0565,INV-MODL-FG-0334,WC-020,0.0,1.3333333333333333,1.3333333333333333,2025-11-28
SO-0567,INV-MODL-FG-0292,WC-031,0.0,0.6666666666666666,0.6666666666666666,2025-11-29
SO-0568,INV-BEAM-FG-0120,WC-020,0.0,0.3333333333333333,0.3333333333333333,2025-07-20
SO-0569,INV-PLTE-FG-0186,WC-026,0.0,0.4166666666666667,0.4166666666666667,2025-11-10
SO-0575,INV-BEAM-FG-0174,WC-029,0.0,0.3333333333333333,0.3333333333333333,2025-12-22
SO-0576,INV-BEAM-FG-0173,WC-025,0.0,0.3333333333333333,0.3333333333333333,2025-10-24
SO-0587,INV-STRC-FG-0020,WC-023,0.0,0.5,0.5,2025-10-26
SO-0594,INV-STRC-FG-0022,WC-027,0.0,0.5,0.5,2025-09-23
SO-0595,INV-MODL-FG-0276,WC-022,0.0,0.6666666666666666,0.6666666666666666,2025-12-07
SO-0601,INV-PLTE-FG-0187,WC-021,0.0,0.4166666666666667,0.4166666666666667,2025-10-30
SO-0607,INV-BEAM-FG-0129,WC-032,0.0,0.3333333333333333,0.3333333333333333,2025-10-21
SO-0608,INV-STRC-FG-0005,WC-028,0.0,0.5,0.5,2025-12-15
SO-0611,INV-STRC-FG-0026,WC-025,0.0,0.5,0.5,2025-11-19
SO-0614,INV-STRC-FG-0009,WC-023,0.0,2.0,2.0,2025-10-06
SO-0615,INV-BEAM-FG-0097,WC-023,0.0,0.3333333333333333,0.3333333333333333,2025-12-02
SO-0618,INV-PLTE-FG-0203,WC-020,0.0,0.4166666666666667,0.4166666666666667,2025-12-16
SO-0619,INV-BEAM-FG-0114,WC-032,0.0,1.3333333333333333,1.3333333333333333,2025-07-06
SO-0620,INV-MODL-FG-0315,WC-022,0.0,0.6666666666666666,0.6666666666666666,2025-12-14
SO-0621,INV-PLTE-FG-0261,WC-021,0.0,0.4166666666666667,0.4166666666666667,2025-10-11
SO-0622,INV-MODL-FG-0265,WC-027,0.0,0.6666666666666666,0.6666666666666666,2025-10-11
SO-0624,INV-BEAM-FG-0115,WC-024,0.0,0.6666666666666666,0.6666666666666666,2025-11-05
SO-0625,INV-MODL-FG-0320,WC-024,0.0,1.3333333333333333,1.3333333333333333,2025-12-01
SO-0628,INV-BEAM-FG-0177,WC-020,0.0,0.3333333333333333,0.3333333333333333,2025-09-23
SO-0629,INV-BEAM-FG-0119,WC-026,0.0,0.3333333333333333,0.3333333333333333,2025-10-03
SO-0641,INV-MODL-FG-0282,WC-032,0.0,0.6666666666666666,0.6666666666666666,2025-11-14
SO-0647,INV-BEAM-FG-0166,WC-020,0.0,0.3333333333333333,0.3333333333333333,2025-12-09
SO-0652,INV-PLTE-FG-0196,WC-021,0.0,0.8333333333333334,0.8333333333333334,2025-11-06
SO-0659,INV-STRC-FG-0014,WC-020,0.0,0.5,0.5,2025-11-02
SO-0661,INV-STRC-FG-0048,WC-023,0.0,0.5,0.5,2025-11-19
SO-0663,INV-BEAM-FG-0128,WC-032,0.0,0.3333333333333333,0.3333333333333333,2025-11-15
SO-0664,INV-MODL-FG-0328,WC-029,0.0,0.6666666666666666,0.6666666666666666,2025-12-16
SO-0668,INV-PLTE-FG-0209,WC-030,0.0,0.4166666666666667,0.4166666666666667,2025-12-18
SO-0687,INV-BEAM-FG-0095,WC-022,0.0,0.3333333333333333,0.3333333333333333,2025-12-04
SO-0696,INV-STRC-FG-0070,WC-030,0.0,1.0,1.0,2025-11-23
SO-0698,INV-PLTE-FG-0235,WC-032,0.0,0.4166666666666667,0.4166666666666667,2025-08-03
SO-0700,INV-BEAM-FG-0138,WC-023,0.0,0.3333333333333333,0.3333333333333333,2025-11-29
SO-0704,INV-MODL-FG-0284,WC-022,0.0,0.6666666666666666,0.6666666666666666,2025-12-21
SO-0707,INV-STRC-FG-0080,WC-020,0.0,0.5,0.5,2025-12-13
SO-0712,INV-STRC-FG-0082,WC-027,0.0,0.5,0.5,2025-10-10
SO-0714,INV-STRC-FG-0072,WC-021,0.0,0.5,0.5,2025-12-22
SO-0721,INV-BEAM-FG-0147,WC-027,0.0,0.3333333333333333,0.3333333333333333,2025-09-22
SO-0727,INV-PLTE-FG-0235,WC-032,0.0,0.4166666666666667,0.4166666666666667,2025-10-12
SO-0728,INV-STRC-FG-0087,WC-032,0.0,0.5,0.5,2025-12-27
SO-0737,INV-PLTE-FG-0244,WC-030,0.0,0.4166666666666667,0.4166666666666667,2025-12-15
SO-0739,INV-STRC-FG-0014,WC-020,0.0,0.5,0.5,2025-11-21
SO-0742,INV-BEAM-FG-0117,WC-020,0.0,0.3333333333333333,0.3333333333333333,2025-11-06
SO-0754,INV-PLTE-FG-0248,WC-031,0.0,0.4166666666666667,0.4166666666666667,2025-12-03
SO-0761,INV-BEAM-FG-0129,WC-032,0.0,0.3333333333333333,0.3333333333333333,2025-09-17
SO-0766,INV-MODL-FG-0317,WC-032,0.0,0.6666666666666666,0.6666666666666666,2025-09-28
SO-0774,INV-MODL-FG-0338,WC-021,0.0,0.6666666666666666,0.6666666666666666,2025-12-04
SO-0778,INV-PLTE-FG-0233,WC-026,0.0,0.4166666666666667,0.4166666666666667,2025-12-15
SO-0779,INV-STRC-FG-0022,WC-027,0.0,0.5,0.5,2025-11-23
SO-0791,INV-PLTE-FG-0261,WC-021,0.0,0.4166666666666667,0.4166666666666667,2025-12-24
SO-0806,INV-BEAM-FG-0120,WC-020,0.0,0.3333333333333333,0.3333333333333333,2025-11-21
SO-0807,INV-BEAM-FG-0124,WC-025,0.0,0.3333333333333333,0.3333333333333333,2025-12-02
SO-0808,INV-BEAM-FG-0136,WC-025,0.0,1.3333333333333333,1.3333333333333333,2025-12-23
SO-0809,INV-BEAM-FG-0158,WC-024,0.0,0.3333333333333333,0.3333333333333333,2025-12-05
SO-0817,INV-MODL-FG-0304,WC-032,0.0,1.3333333333333333,1.3333333333333333,2025-10-28
SO-0818,INV-MODL-FG-0314,WC-027,0.0,1.3333333333333333,1.3333333333333333,2025-12-27
SO-0822,INV-MODL-FG-0311,WC-029,0.0,0.6666666666666666,0.6666666666666666,2025-12-08
SO-0824,INV-PLTE-FG-0204,WC-029,0.0,0.4166666666666667,0.4166666666666667,2025-12-23
SO-0825,INV-BEAM-FG-0143,WC-031,0.0,0.3333333333333333,0.3333333333333333,2025-12-29
SO-0826,INV-BEAM-FG-0166,WC-020,0.0,0.3333333333333333,0.3333333333333333,2025-12-26
SO-0840,INV-STRC-FG-0043,WC-027,0.0,0.5,0.5,2025-12-28
SO-0852,INV-BEAM-FG-0130,WC-023,0.0,0.3333333333333333,0.3333333333333333,2025-12-12
SO-0855,INV-STRC-FG-0008,WC-032,0.0,0.5,0.5,2025-11-19
SO-0856,INV-MODL-FG-0325,WC-025,0.0,0.6666666666666666,0.6666666666666666,2025-12-19
SO-0862,INV-MODL-FG-0312,WC-024,0.0,0.6666666666666666,0.6666666666666666,2025-12-29
SO-0898,INV-STRC-FG-0020,WC-023,0.0,0.5,0.5,2025-12-23
SO-0912,INV-STRC-FG-0077,WC-026,0.0,0.5,0.5,2025-11-12
SO-0924,INV-STRC-FG-0054,WC-030,0.0,0.5,0.5,2025-12-29
SO-0928,INV-STRC-FG-0085,WC-031,0.0,0.5,0.5,2025-12-24
SO-0943,INV-BEAM-FG-0123,WC-032,0.0,1.3333333333333333,1.3333333333333333,2025-12-06
SO-0963,INV-PLTE-FG-0198,WC-022,0.0,1.6666666666666667,1.6666666666666667,2025-12-13
SO-0987,INV-PLTE-FG-0214,WC-032,0.0,0.4166666666666667,0.4166666666666667,2025-12-09
